[
  {
    "id": 1,
    "title": "A Light in the Attic",
    "author": "Unknown Author",
    "price": 51.77,
    "price_formatted": "£51.77",
    "category": "books",
    "book_url": "https://books.toscrape.com/catalogue/a-light-in-the-attic_1000/index.html",
    "image_url": "https://books.toscrape.com/media/cache/2c/da/2cdad67c44b002e7ead0cc35693c0e8b.jpg",
    "rating": 3.0,
    "rating_formatted": "3.0/5",
    "parsed_date": "2025-09-28 09:52:23"
  },
  {
    "id": 2,
    "title": "Tipping the Velvet",
    "author": "Unknown Author",
    "price": 53.74,
    "price_formatted": "£53.74",
    "category": "books",
    "book_url": "https://books.toscrape.com/catalogue/tipping-the-velvet_999/index.html",
    "image_url": "https://books.toscrape.com/media/cache/26/0c/260c6ae16bce31c8f8c95daddd9f4a1c.jpg",
    "rating": 1.0,
    "rating_formatted": "1.0/5",
    "parsed_date": "2025-09-28 09:52:24"
  },
  {
    "id": 3,
    "title": "Soumission",
    "author": "Unknown Author",
    "price": 50.1,
    "price_formatted": "£50.10",
    "category": "books",
    "book_url": "https://books.toscrape.com/catalogue/soumission_998/index.html",
    "image_url": "https://books.toscrape.com/media/cache/3e/ef/3eef99c9d9adef34639f510662022830.jpg",
    "rating": 1.0,
    "rating_formatted": "1.0/5",
    "parsed_date": "2025-09-28 09:52:25"
  },
  {
    "id": 4,
    "title": "Sharp Objects",
    "author": "Unknown Author",
    "price": 47.82,
    "price_formatted": "£47.82",
    "category": "books",
    "book_url": "https://books.toscrape.com/catalogue/sharp-objects_997/index.html",
    "image_url": "https://books.toscrape.com/media/cache/32/51/3251cf3a3412f53f339e42cac2134093.jpg",
    "rating": 4.0,
    "rating_formatted": "4.0/5",
    "parsed_date": "2025-09-28 09:52:26"
  },
  {
    "id": 5,
    "title": "Sapiens: A Brief History of Humankind",
    "author": "Unknown Author",
    "price": 54.23,
    "price_formatted": "£54.23",
    "category": "books",
    "book_url": "https://books.toscrape.com/catalogue/sapiens-a-brief-history-of-humankind_996/index.html",
    "image_url": "https://books.toscrape.com/media/cache/be/a5/bea5697f2534a2f86a3ef27b5a8c12a6.jpg",
    "rating": 5.0,
    "rating_formatted": "5.0/5",
    "parsed_date": "2025-09-28 09:52:28"
  },
  {
    "id": 6,
    "title": "The Requiem Red",
    "author": "Unknown Author",
    "price": 22.65,
    "price_formatted": "£22.65",
    "category": "books",
    "book_url": "https://books.toscrape.com/catalogue/the-requiem-red_995/index.html",
    "image_url": "https://books.toscrape.com/media/cache/68/33/68339b4c9bc034267e1da611ab3b34f8.jpg",
    "rating": 1.0,
    "rating_formatted": "1.0/5",
    "parsed_date": "2025-09-28 09:52:29"
  },
  {
    "id": 7,
    "title": "The Dirty Little Secrets of Getting Your Dream Job",
    "author": "Unknown Author",
    "price": 33.34,
    "price_formatted": "£33.34",
    "category": "books",
    "book_url": "https://books.toscrape.com/catalogue/the-dirty-little-secrets-of-getting-your-dream-job_994/index.html",
    "image_url": "https://books.toscrape.com/media/cache/92/27/92274a95b7c251fea59a2b8a78275ab4.jpg",
    "rating": 4.0,
    "rating_formatted": "4.0/5",
    "parsed_date": "2025-09-28 09:52:29"
  },
  {
    "id": 8,
    "title": "The Coming Woman: A Novel Based on the Life of the Infamous Feminist, Victoria Woodhull",
    "author": "Unknown Author",
    "price": 17.93,
    "price_formatted": "£17.93",
    "category": "books",
    "book_url": "https://books.toscrape.com/catalogue/the-coming-woman-a-novel-based-on-the-life-of-the-infamous-feminist-victoria-woodhull_993/index.html",
    "image_url": "https://books.toscrape.com/media/cache/3d/54/3d54940e57e662c4dd1f3ff00c78cc64.jpg",
    "rating": 3.0,
    "rating_formatted": "3.0/5",
    "parsed_date": "2025-09-28 09:52:30"
  },
  {
    "id": 9,
    "title": "The Boys in the Boat: Nine Americans and Their Epic Quest for Gold at the 1936 Berlin Olympics",
    "author": "Unknown Author",
    "price": 22.6,
    "price_formatted": "£22.60",
    "category": "books",
    "book_url": "https://books.toscrape.com/catalogue/the-boys-in-the-boat-nine-americans-and-their-epic-quest-for-gold-at-the-1936-berlin-olympics_992/index.html",
    "image_url": "https://books.toscrape.com/media/cache/66/88/66883b91f6804b2323c8369331cb7dd1.jpg",
    "rating": 4.0,
    "rating_formatted": "4.0/5",
    "parsed_date": "2025-09-28 09:52:31"
  },
  {
    "id": 10,
    "title": "The Black Maria",
    "author": "Unknown Author",
    "price": 52.15,
    "price_formatted": "£52.15",
    "category": "books",
    "book_url": "https://books.toscrape.com/catalogue/the-black-maria_991/index.html",
    "image_url": "https://books.toscrape.com/media/cache/58/46/5846057e28022268153beff6d352b06c.jpg",
    "rating": 1.0,
    "rating_formatted": "1.0/5",
    "parsed_date": "2025-09-28 09:52:32"
  },
  {
    "id": 11,
    "title": "Starving Hearts (Triangular Trade Trilogy, #1)",
    "author": "Unknown Author",
    "price": 13.99,
    "price_formatted": "£13.99",
    "category": "books",
    "book_url": "https://books.toscrape.com/catalogue/starving-hearts-triangular-trade-trilogy-1_990/index.html",
    "image_url": "https://books.toscrape.com/media/cache/be/f4/bef44da28c98f905a3ebec0b87be8530.jpg",
    "rating": 2.0,
    "rating_formatted": "2.0/5",
    "parsed_date": "2025-09-28 09:52:33"
  },
  {
    "id": 12,
    "title": "Shakespeare's Sonnets",
    "author": "Unknown Author",
    "price": 20.66,
    "price_formatted": "£20.66",
    "category": "books",
    "book_url": "https://books.toscrape.com/catalogue/shakespeares-sonnets_989/index.html",
    "image_url": "https://books.toscrape.com/media/cache/10/48/1048f63d3b5061cd2f424d20b3f9b666.jpg",
    "rating": 4.0,
    "rating_formatted": "4.0/5",
    "parsed_date": "2025-09-28 09:52:34"
  },
  {
    "id": 13,
    "title": "Set Me Free",
    "author": "Unknown Author",
    "price": 17.46,
    "price_formatted": "£17.46",
    "category": "books",
    "book_url": "https://books.toscrape.com/catalogue/set-me-free_988/index.html",
    "image_url": "https://books.toscrape.com/media/cache/5b/88/5b88c52633f53cacf162c15f4f823153.jpg",
    "rating": 5.0,
    "rating_formatted": "5.0/5",
    "parsed_date": "2025-09-28 09:52:35"
  },
  {
    "id": 14,
    "title": "Scott Pilgrim's Precious Little Life (Scott Pilgrim #1)",
    "author": "Unknown Author",
    "price": 52.29,
    "price_formatted": "£52.29",
    "category": "books",
    "book_url": "https://books.toscrape.com/catalogue/scott-pilgrims-precious-little-life-scott-pilgrim-1_987/index.html",
    "image_url": "https://books.toscrape.com/media/cache/94/b1/94b1b8b244bce9677c2f29ccc890d4d2.jpg",
    "rating": 5.0,
    "rating_formatted": "5.0/5",
    "parsed_date": "2025-09-28 09:52:36"
  },
  {
    "id": 15,
    "title": "Rip it Up and Start Again",
    "author": "Unknown Author",
    "price": 35.02,
    "price_formatted": "£35.02",
    "category": "books",
    "book_url": "https://books.toscrape.com/catalogue/rip-it-up-and-start-again_986/index.html",
    "image_url": "https://books.toscrape.com/media/cache/81/c4/81c4a973364e17d01f217e1188253d5e.jpg",
    "rating": 5.0,
    "rating_formatted": "5.0/5",
    "parsed_date": "2025-09-28 09:52:38"
  },
  {
    "id": 16,
    "title": "Our Band Could Be Your Life: Scenes from the American Indie Underground, 1981-1991",
    "author": "Unknown Author",
    "price": 57.25,
    "price_formatted": "£57.25",
    "category": "books",
    "book_url": "https://books.toscrape.com/catalogue/our-band-could-be-your-life-scenes-from-the-american-indie-underground-1981-1991_985/index.html",
    "image_url": "https://books.toscrape.com/media/cache/54/60/54607fe8945897cdcced0044103b10b6.jpg",
    "rating": 3.0,
    "rating_formatted": "3.0/5",
    "parsed_date": "2025-09-28 09:52:39"
  },
  {
    "id": 17,
    "title": "Olio",
    "author": "Unknown Author",
    "price": 23.88,
    "price_formatted": "£23.88",
    "category": "books",
    "book_url": "https://books.toscrape.com/catalogue/olio_984/index.html",
    "image_url": "https://books.toscrape.com/media/cache/55/33/553310a7162dfbc2c6d19a84da0df9e1.jpg",
    "rating": 1.0,
    "rating_formatted": "1.0/5",
    "parsed_date": "2025-09-28 09:52:40"
  },
  {
    "id": 18,
    "title": "Mesaerion: The Best Science Fiction Stories 1800-1849",
    "author": "Unknown Author",
    "price": 37.59,
    "price_formatted": "£37.59",
    "category": "books",
    "book_url": "https://books.toscrape.com/catalogue/mesaerion-the-best-science-fiction-stories-1800-1849_983/index.html",
    "image_url": "https://books.toscrape.com/media/cache/09/a3/09a3aef48557576e1a85ba7efea8ecb7.jpg",
    "rating": 1.0,
    "rating_formatted": "1.0/5",
    "parsed_date": "2025-09-28 09:52:41"
  },
  {
    "id": 19,
    "title": "Libertarianism for Beginners",
    "author": "Unknown Author",
    "price": 51.33,
    "price_formatted": "£51.33",
    "category": "books",
    "book_url": "https://books.toscrape.com/catalogue/libertarianism-for-beginners_982/index.html",
    "image_url": "https://books.toscrape.com/media/cache/0b/bc/0bbcd0a6f4bcd81ccb1049a52736406e.jpg",
    "rating": 2.0,
    "rating_formatted": "2.0/5",
    "parsed_date": "2025-09-28 09:52:42"
  },
  {
    "id": 20,
    "title": "It's Only the Himalayas",
    "author": "Unknown Author",
    "price": 45.17,
    "price_formatted": "£45.17",
    "category": "books",
    "book_url": "https://books.toscrape.com/catalogue/its-only-the-himalayas_981/index.html",
    "image_url": "https://books.toscrape.com/media/cache/27/a5/27a53d0bb95bdd88288eaf66c9230d7e.jpg",
    "rating": 2.0,
    "rating_formatted": "2.0/5",
    "parsed_date": "2025-09-28 09:52:44"
  },
  {
    "id": 21,
    "title": "It's Only the Himalayas",
    "author": "Unknown Author",
    "price": 45.17,
    "price_formatted": "£45.17",
    "category": "travel",
    "book_url": "https://books.toscrape.com/catalogue/its-only-the-himalayas_981/index.html",
    "image_url": "https://books.toscrape.com/media/cache/27/a5/27a53d0bb95bdd88288eaf66c9230d7e.jpg",
    "rating": 2.0,
    "rating_formatted": "2.0/5",
    "parsed_date": "2025-09-28 09:52:49"
  },
  {
    "id": 22,
    "title": "Full Moon over Noah’s Ark: An Odyssey to Mount Ararat and Beyond",
    "author": "Unknown Author",
    "price": 49.43,
    "price_formatted": "£49.43",
    "category": "travel",
    "book_url": "https://books.toscrape.com/catalogue/full-moon-over-noahs-ark-an-odyssey-to-mount-ararat-and-beyond_811/index.html",
    "image_url": "https://books.toscrape.com/media/cache/57/77/57770cac1628f4407636635f4b85e88c.jpg",
    "rating": 4.0,
    "rating_formatted": "4.0/5",
    "parsed_date": "2025-09-28 09:52:50"
  },
  {
    "id": 23,
    "title": "See America: A Celebration of Our National Parks & Treasured Sites",
    "author": "Unknown Author",
    "price": 48.87,
    "price_formatted": "£48.87",
    "category": "travel",
    "book_url": "https://books.toscrape.com/catalogue/see-america-a-celebration-of-our-national-parks-treasured-sites_732/index.html",
    "image_url": "https://books.toscrape.com/media/cache/9a/7e/9a7e63f12829df4b43b31d110bf3dc2e.jpg",
    "rating": 3.0,
    "rating_formatted": "3.0/5",
    "parsed_date": "2025-09-28 09:52:51"
  },
  {
    "id": 24,
    "title": "Vagabonding: An Uncommon Guide to the Art of Long-Term World Travel",
    "author": "Unknown Author",
    "price": 36.94,
    "price_formatted": "£36.94",
    "category": "travel",
    "book_url": "https://books.toscrape.com/catalogue/vagabonding-an-uncommon-guide-to-the-art-of-long-term-world-travel_552/index.html",
    "image_url": "https://books.toscrape.com/media/cache/d5/bf/d5bf0090470b0b8ea46d9c166f7895aa.jpg",
    "rating": 2.0,
    "rating_formatted": "2.0/5",
    "parsed_date": "2025-09-28 09:52:53"
  },
  {
    "id": 25,
    "title": "Under the Tuscan Sun",
    "author": "Unknown Author",
    "price": 37.33,
    "price_formatted": "£37.33",
    "category": "travel",
    "book_url": "https://books.toscrape.com/catalogue/under-the-tuscan-sun_504/index.html",
    "image_url": "https://books.toscrape.com/media/cache/98/c2/98c2e95c5fd1a4e7cd5f2b63c52826cb.jpg",
    "rating": 3.0,
    "rating_formatted": "3.0/5",
    "parsed_date": "2025-09-28 09:52:53"
  },
  {
    "id": 26,
    "title": "A Summer In Europe",
    "author": "Unknown Author",
    "price": 44.34,
    "price_formatted": "£44.34",
    "category": "travel",
    "book_url": "https://books.toscrape.com/catalogue/a-summer-in-europe_458/index.html",
    "image_url": "https://books.toscrape.com/media/cache/4e/15/4e15150388702ebca2c5a523ac270539.jpg",
    "rating": 2.0,
    "rating_formatted": "2.0/5",
    "parsed_date": "2025-09-28 09:52:54"
  },
  {
    "id": 27,
    "title": "The Great Railway Bazaar",
    "author": "Unknown Author",
    "price": 30.54,
    "price_formatted": "£30.54",
    "category": "travel",
    "book_url": "https://books.toscrape.com/catalogue/the-great-railway-bazaar_446/index.html",
    "image_url": "https://books.toscrape.com/media/cache/76/de/76de41867f323d7f1f4fbe2fdfc1b2ba.jpg",
    "rating": 1.0,
    "rating_formatted": "1.0/5",
    "parsed_date": "2025-09-28 09:52:55"
  },
  {
    "id": 28,
    "title": "A Year in Provence (Provence #1)",
    "author": "Unknown Author",
    "price": 56.88,
    "price_formatted": "£56.88",
    "category": "travel",
    "book_url": "https://books.toscrape.com/catalogue/a-year-in-provence-provence-1_421/index.html",
    "image_url": "https://books.toscrape.com/media/cache/db/46/db46159b05faa5d95262112bf9c29ddd.jpg",
    "rating": 4.0,
    "rating_formatted": "4.0/5",
    "parsed_date": "2025-09-28 09:52:57"
  },
  {
    "id": 29,
    "title": "The Road to Little Dribbling: Adventures of an American in Britain (Notes From a Small Island #2)",
    "author": "Unknown Author",
    "price": 23.21,
    "price_formatted": "£23.21",
    "category": "travel",
    "book_url": "https://books.toscrape.com/catalogue/the-road-to-little-dribbling-adventures-of-an-american-in-britain-notes-from-a-small-island-2_277/index.html",
    "image_url": "https://books.toscrape.com/media/cache/e0/4f/e04f8eda2a2fa947aec17640202d9ab0.jpg",
    "rating": 1.0,
    "rating_formatted": "1.0/5",
    "parsed_date": "2025-09-28 09:52:57"
  },
  {
    "id": 30,
    "title": "Neither Here nor There: Travels in Europe",
    "author": "Unknown Author",
    "price": 38.95,
    "price_formatted": "£38.95",
    "category": "travel",
    "book_url": "https://books.toscrape.com/catalogue/neither-here-nor-there-travels-in-europe_198/index.html",
    "image_url": "https://books.toscrape.com/media/cache/06/81/0681530a7bc301caf5c3257e1b0f0750.jpg",
    "rating": 3.0,
    "rating_formatted": "3.0/5",
    "parsed_date": "2025-09-28 09:52:58"
  },
  {
    "id": 31,
    "title": "1,000 Places to See Before You Die",
    "author": "Unknown Author",
    "price": 26.08,
    "price_formatted": "£26.08",
    "category": "travel",
    "book_url": "https://books.toscrape.com/catalogue/1000-places-to-see-before-you-die_1/index.html",
    "image_url": "https://books.toscrape.com/media/cache/d7/0f/d70f7edd92705c45a82118c3ff6c299d.jpg",
    "rating": 5.0,
    "rating_formatted": "5.0/5",
    "parsed_date": "2025-09-28 09:52:59"
  },
  {
    "id": 32,
    "title": "Sharp Objects",
    "author": "Unknown Author",
    "price": 47.82,
    "price_formatted": "£47.82",
    "category": "mystery",
    "book_url": "https://books.toscrape.com/catalogue/sharp-objects_997/index.html",
    "image_url": "https://books.toscrape.com/media/cache/32/51/3251cf3a3412f53f339e42cac2134093.jpg",
    "rating": 4.0,
    "rating_formatted": "4.0/5",
    "parsed_date": "2025-09-28 09:53:07"
  },
  {
    "id": 33,
    "title": "In a Dark, Dark Wood",
    "author": "Unknown Author",
    "price": 19.63,
    "price_formatted": "£19.63",
    "category": "mystery",
    "book_url": "https://books.toscrape.com/catalogue/in-a-dark-dark-wood_963/index.html",
    "image_url": "https://books.toscrape.com/media/cache/23/85/238570a1c284e730dbc737a7e631ae2b.jpg",
    "rating": 1.0,
    "rating_formatted": "1.0/5",
    "parsed_date": "2025-09-28 09:53:09"
  },
  {
    "id": 34,
    "title": "The Past Never Ends",
    "author": "Unknown Author",
    "price": 56.5,
    "price_formatted": "£56.50",
    "category": "mystery",
    "book_url": "https://books.toscrape.com/catalogue/the-past-never-ends_942/index.html",
    "image_url": "https://books.toscrape.com/media/cache/89/b8/89b850edb01851a91f64ba114b96acb6.jpg",
    "rating": 4.0,
    "rating_formatted": "4.0/5",
    "parsed_date": "2025-09-28 09:53:09"
  },
  {
    "id": 35,
    "title": "A Murder in Time",
    "author": "Unknown Author",
    "price": 16.64,
    "price_formatted": "£16.64",
    "category": "mystery",
    "book_url": "https://books.toscrape.com/catalogue/a-murder-in-time_877/index.html",
    "image_url": "https://books.toscrape.com/media/cache/11/aa/11aaad48b5f15e262456ca65294084da.jpg",
    "rating": 1.0,
    "rating_formatted": "1.0/5",
    "parsed_date": "2025-09-28 09:53:11"
  },
  {
    "id": 36,
    "title": "The Murder of Roger Ackroyd (Hercule Poirot #4)",
    "author": "Unknown Author",
    "price": 44.1,
    "price_formatted": "£44.10",
    "category": "mystery",
    "book_url": "https://books.toscrape.com/catalogue/the-murder-of-roger-ackroyd-hercule-poirot-4_852/index.html",
    "image_url": "https://books.toscrape.com/media/cache/29/fe/29fe70b1b2e5a9ba61d4bd331255e19e.jpg",
    "rating": 4.0,
    "rating_formatted": "4.0/5",
    "parsed_date": "2025-09-28 09:53:12"
  },
  {
    "id": 37,
    "title": "The Last Mile (Amos Decker #2)",
    "author": "Unknown Author",
    "price": 54.21,
    "price_formatted": "£54.21",
    "category": "mystery",
    "book_url": "https://books.toscrape.com/catalogue/the-last-mile-amos-decker-2_754/index.html",
    "image_url": "https://books.toscrape.com/media/cache/37/f1/37f118b4a56d866e1e8b563759d6966c.jpg",
    "rating": 2.0,
    "rating_formatted": "2.0/5",
    "parsed_date": "2025-09-28 09:53:12"
  },
  {
    "id": 38,
    "title": "That Darkness (Gardiner and Renner #1)",
    "author": "Unknown Author",
    "price": 13.92,
    "price_formatted": "£13.92",
    "category": "mystery",
    "book_url": "https://books.toscrape.com/catalogue/that-darkness-gardiner-and-renner-1_743/index.html",
    "image_url": "https://books.toscrape.com/media/cache/44/9e/449ed681142bc336646abee754e96639.jpg",
    "rating": 1.0,
    "rating_formatted": "1.0/5",
    "parsed_date": "2025-09-28 09:53:13"
  },
  {
    "id": 39,
    "title": "Tastes Like Fear (DI Marnie Rome #3)",
    "author": "Unknown Author",
    "price": 10.69,
    "price_formatted": "£10.69",
    "category": "mystery",
    "book_url": "https://books.toscrape.com/catalogue/tastes-like-fear-di-marnie-rome-3_742/index.html",
    "image_url": "https://books.toscrape.com/media/cache/3c/91/3c91d97266bd6dda322089695fb46daf.jpg",
    "rating": 1.0,
    "rating_formatted": "1.0/5",
    "parsed_date": "2025-09-28 09:53:14"
  },
  {
    "id": 40,
    "title": "A Time of Torment (Charlie Parker #14)",
    "author": "Unknown Author",
    "price": 48.35,
    "price_formatted": "£48.35",
    "category": "mystery",
    "book_url": "https://books.toscrape.com/catalogue/a-time-of-torment-charlie-parker-14_657/index.html",
    "image_url": "https://books.toscrape.com/media/cache/e8/c0/e8c0ba15066bab950ae161fd60949b9a.jpg",
    "rating": 5.0,
    "rating_formatted": "5.0/5",
    "parsed_date": "2025-09-28 09:53:15"
  },
  {
    "id": 41,
    "title": "A Study in Scarlet (Sherlock Holmes #1)",
    "author": "Unknown Author",
    "price": 16.73,
    "price_formatted": "£16.73",
    "category": "mystery",
    "book_url": "https://books.toscrape.com/catalogue/a-study-in-scarlet-sherlock-holmes-1_656/index.html",
    "image_url": "https://books.toscrape.com/media/cache/8f/a4/8fa41d6caa10e427356b8a590eb4d96b.jpg",
    "rating": 2.0,
    "rating_formatted": "2.0/5",
    "parsed_date": "2025-09-28 09:53:16"
  },
  {
    "id": 42,
    "title": "Poisonous (Max Revere Novels #3)",
    "author": "Unknown Author",
    "price": 26.8,
    "price_formatted": "£26.80",
    "category": "mystery",
    "book_url": "https://books.toscrape.com/catalogue/poisonous-max-revere-novels-3_627/index.html",
    "image_url": "https://books.toscrape.com/media/cache/23/52/2352718971d5e166fa9541a5a7d716fa.jpg",
    "rating": 3.0,
    "rating_formatted": "3.0/5",
    "parsed_date": "2025-09-28 09:53:17"
  },
  {
    "id": 43,
    "title": "Murder at the 42nd Street Library (Raymond Ambler #1)",
    "author": "Unknown Author",
    "price": 54.36,
    "price_formatted": "£54.36",
    "category": "mystery",
    "book_url": "https://books.toscrape.com/catalogue/murder-at-the-42nd-street-library-raymond-ambler-1_624/index.html",
    "image_url": "https://books.toscrape.com/media/cache/c3/8d/c38d65cd155b67ca025f0655bd1bb095.jpg",
    "rating": 4.0,
    "rating_formatted": "4.0/5",
    "parsed_date": "2025-09-28 09:53:18"
  },
  {
    "id": 44,
    "title": "Most Wanted",
    "author": "Unknown Author",
    "price": 35.28,
    "price_formatted": "£35.28",
    "category": "mystery",
    "book_url": "https://books.toscrape.com/catalogue/most-wanted_623/index.html",
    "image_url": "https://books.toscrape.com/media/cache/8b/bc/8bbc5ab4c3784b4d9b93eb0fd1fb6fd6.jpg",
    "rating": 3.0,
    "rating_formatted": "3.0/5",
    "parsed_date": "2025-09-28 09:53:20"
  },
  {
    "id": 45,
    "title": "Hide Away (Eve Duncan #20)",
    "author": "Unknown Author",
    "price": 11.84,
    "price_formatted": "£11.84",
    "category": "mystery",
    "book_url": "https://books.toscrape.com/catalogue/hide-away-eve-duncan-20_620/index.html",
    "image_url": "https://books.toscrape.com/media/cache/57/07/5707c3d5d4fd44d943d51730ba7d429a.jpg",
    "rating": 1.0,
    "rating_formatted": "1.0/5",
    "parsed_date": "2025-09-28 09:53:20"
  },
  {
    "id": 46,
    "title": "Boar Island (Anna Pigeon #19)",
    "author": "Unknown Author",
    "price": 59.48,
    "price_formatted": "£59.48",
    "category": "mystery",
    "book_url": "https://books.toscrape.com/catalogue/boar-island-anna-pigeon-19_613/index.html",
    "image_url": "https://books.toscrape.com/media/cache/d5/81/d58157866ea8f015a8e4c55b23b8c96f.jpg",
    "rating": 3.0,
    "rating_formatted": "3.0/5",
    "parsed_date": "2025-09-28 09:53:22"
  },
  {
    "id": 47,
    "title": "The Widow",
    "author": "Unknown Author",
    "price": 27.26,
    "price_formatted": "£27.26",
    "category": "mystery",
    "book_url": "https://books.toscrape.com/catalogue/the-widow_609/index.html",
    "image_url": "https://books.toscrape.com/media/cache/fd/71/fd71fb07247bf911505a351c0670c6dc.jpg",
    "rating": 2.0,
    "rating_formatted": "2.0/5",
    "parsed_date": "2025-09-28 09:53:23"
  },
  {
    "id": 48,
    "title": "Playing with Fire",
    "author": "Unknown Author",
    "price": 13.71,
    "price_formatted": "£13.71",
    "category": "mystery",
    "book_url": "https://books.toscrape.com/catalogue/playing-with-fire_602/index.html",
    "image_url": "https://books.toscrape.com/media/cache/90/0b/900bd2e60d56b6480a4e8eb2dddb46d6.jpg",
    "rating": 3.0,
    "rating_formatted": "3.0/5",
    "parsed_date": "2025-09-28 09:53:23"
  },
  {
    "id": 49,
    "title": "What Happened on Beale Street (Secrets of the South Mysteries #2)",
    "author": "Unknown Author",
    "price": 25.37,
    "price_formatted": "£25.37",
    "category": "mystery",
    "book_url": "https://books.toscrape.com/catalogue/what-happened-on-beale-street-secrets-of-the-south-mysteries-2_506/index.html",
    "image_url": "https://books.toscrape.com/media/cache/c7/ab/c7abb5e32bd37118a87523dcee0a70a6.jpg",
    "rating": 5.0,
    "rating_formatted": "5.0/5",
    "parsed_date": "2025-09-28 09:53:24"
  },
  {
    "id": 50,
    "title": "The Bachelor Girl's Guide to Murder (Herringford and Watts Mysteries #1)",
    "author": "Unknown Author",
    "price": 52.3,
    "price_formatted": "£52.30",
    "category": "mystery",
    "book_url": "https://books.toscrape.com/catalogue/the-bachelor-girls-guide-to-murder-herringford-and-watts-mysteries-1_491/index.html",
    "image_url": "https://books.toscrape.com/media/cache/95/d7/95d7541679fcbd579b8a4f2b47231aaf.jpg",
    "rating": 5.0,
    "rating_formatted": "5.0/5",
    "parsed_date": "2025-09-28 09:53:25"
  },
  {
    "id": 51,
    "title": "Delivering the Truth (Quaker Midwife Mystery #1)",
    "author": "Unknown Author",
    "price": 20.89,
    "price_formatted": "£20.89",
    "category": "mystery",
    "book_url": "https://books.toscrape.com/catalogue/delivering-the-truth-quaker-midwife-mystery-1_464/index.html",
    "image_url": "https://books.toscrape.com/media/cache/57/31/5731a5d46c2c1e88977eb5e6d1337a2e.jpg",
    "rating": 4.0,
    "rating_formatted": "4.0/5",
    "parsed_date": "2025-09-28 09:53:26"
  },
  {
    "id": 52,
    "title": "Soumission",
    "author": "Unknown Author",
    "price": 50.1,
    "price_formatted": "£50.10",
    "category": "fiction",
    "book_url": "https://books.toscrape.com/catalogue/soumission_998/index.html",
    "image_url": "https://books.toscrape.com/media/cache/3e/ef/3eef99c9d9adef34639f510662022830.jpg",
    "rating": 1.0,
    "rating_formatted": "1.0/5",
    "parsed_date": "2025-09-28 09:53:32"
  },
  {
    "id": 53,
    "title": "Private Paris (Private #10)",
    "author": "Unknown Author",
    "price": 47.61,
    "price_formatted": "£47.61",
    "category": "fiction",
    "book_url": "https://books.toscrape.com/catalogue/private-paris-private-10_958/index.html",
    "image_url": "https://books.toscrape.com/media/cache/9d/05/9d0533bae1578846d728a82913b95c26.jpg",
    "rating": 5.0,
    "rating_formatted": "5.0/5",
    "parsed_date": "2025-09-28 09:53:33"
  },
  {
    "id": 54,
    "title": "We Love You, Charlie Freeman",
    "author": "Unknown Author",
    "price": 50.27,
    "price_formatted": "£50.27",
    "category": "fiction",
    "book_url": "https://books.toscrape.com/catalogue/we-love-you-charlie-freeman_954/index.html",
    "image_url": "https://books.toscrape.com/media/cache/5f/15/5f152afdbc42356ecba02f61058a7e5b.jpg",
    "rating": 5.0,
    "rating_formatted": "5.0/5",
    "parsed_date": "2025-09-28 09:53:34"
  },
  {
    "id": 55,
    "title": "Thirst",
    "author": "Unknown Author",
    "price": 17.27,
    "price_formatted": "£17.27",
    "category": "fiction",
    "book_url": "https://books.toscrape.com/catalogue/thirst_946/index.html",
    "image_url": "https://books.toscrape.com/media/cache/c4/0a/c40a64f59e7487b1a80a049f6ceb2ba5.jpg",
    "rating": 5.0,
    "rating_formatted": "5.0/5",
    "parsed_date": "2025-09-28 09:53:35"
  },
  {
    "id": 56,
    "title": "The Murder That Never Was (Forensic Instincts #5)",
    "author": "Unknown Author",
    "price": 54.11,
    "price_formatted": "£54.11",
    "category": "fiction",
    "book_url": "https://books.toscrape.com/catalogue/the-murder-that-never-was-forensic-instincts-5_939/index.html",
    "image_url": "https://books.toscrape.com/media/cache/dc/44/dc44f8e2aebac48ca8553814d9b021a8.jpg",
    "rating": 3.0,
    "rating_formatted": "3.0/5",
    "parsed_date": "2025-09-28 09:53:37"
  },
  {
    "id": 57,
    "title": "Tuesday Nights in 1980",
    "author": "Unknown Author",
    "price": 21.04,
    "price_formatted": "£21.04",
    "category": "fiction",
    "book_url": "https://books.toscrape.com/catalogue/tuesday-nights-in-1980_870/index.html",
    "image_url": "https://books.toscrape.com/media/cache/6b/da/6bdae061cb92c32b0b83cda8dd10275d.jpg",
    "rating": 2.0,
    "rating_formatted": "2.0/5",
    "parsed_date": "2025-09-28 09:53:37"
  },
  {
    "id": 58,
    "title": "The Vacationers",
    "author": "Unknown Author",
    "price": 42.15,
    "price_formatted": "£42.15",
    "category": "fiction",
    "book_url": "https://books.toscrape.com/catalogue/the-vacationers_863/index.html",
    "image_url": "https://books.toscrape.com/media/cache/37/25/372578cc073efae80cf284b56040a488.jpg",
    "rating": 4.0,
    "rating_formatted": "4.0/5",
    "parsed_date": "2025-09-28 09:53:39"
  },
  {
    "id": 59,
    "title": "The Regional Office Is Under Attack!",
    "author": "Unknown Author",
    "price": 51.36,
    "price_formatted": "£51.36",
    "category": "fiction",
    "book_url": "https://books.toscrape.com/catalogue/the-regional-office-is-under-attack_858/index.html",
    "image_url": "https://books.toscrape.com/media/cache/f8/31/f8314c7fdaa79fb7191a583e9a852db8.jpg",
    "rating": 5.0,
    "rating_formatted": "5.0/5",
    "parsed_date": "2025-09-28 09:53:40"
  },
  {
    "id": 60,
    "title": "Finders Keepers (Bill Hodges Trilogy #2)",
    "author": "Unknown Author",
    "price": 53.53,
    "price_formatted": "£53.53",
    "category": "fiction",
    "book_url": "https://books.toscrape.com/catalogue/finders-keepers-bill-hodges-trilogy-2_807/index.html",
    "image_url": "https://books.toscrape.com/media/cache/6a/81/6a81103b1c01a3f6c56e5718a838a4c8.jpg",
    "rating": 5.0,
    "rating_formatted": "5.0/5",
    "parsed_date": "2025-09-28 09:53:41"
  },
  {
    "id": 61,
    "title": "The Time Keeper",
    "author": "Unknown Author",
    "price": 27.88,
    "price_formatted": "£27.88",
    "category": "fiction",
    "book_url": "https://books.toscrape.com/catalogue/the-time-keeper_766/index.html",
    "image_url": "https://books.toscrape.com/media/cache/8f/f8/8ff8680dde59ea739d6978a01e4d7fe5.jpg",
    "rating": 5.0,
    "rating_formatted": "5.0/5",
    "parsed_date": "2025-09-28 09:53:42"
  },
  {
    "id": 62,
    "title": "The Testament of Mary",
    "author": "Unknown Author",
    "price": 52.67,
    "price_formatted": "£52.67",
    "category": "fiction",
    "book_url": "https://books.toscrape.com/catalogue/the-testament-of-mary_765/index.html",
    "image_url": "https://books.toscrape.com/media/cache/83/05/8305154438c91a02cefacf4ec8b53393.jpg",
    "rating": 4.0,
    "rating_formatted": "4.0/5",
    "parsed_date": "2025-09-28 09:53:43"
  },
  {
    "id": 63,
    "title": "The First Hostage (J.B. Collins #2)",
    "author": "Unknown Author",
    "price": 25.85,
    "price_formatted": "£25.85",
    "category": "fiction",
    "book_url": "https://books.toscrape.com/catalogue/the-first-hostage-jb-collins-2_749/index.html",
    "image_url": "https://books.toscrape.com/media/cache/38/34/3834572e651cdc14b18d348fa4875aa9.jpg",
    "rating": 3.0,
    "rating_formatted": "3.0/5",
    "parsed_date": "2025-09-28 09:53:45"
  },
  {
    "id": 64,
    "title": "Take Me with You",
    "author": "Unknown Author",
    "price": 45.21,
    "price_formatted": "£45.21",
    "category": "fiction",
    "book_url": "https://books.toscrape.com/catalogue/take-me-with-you_741/index.html",
    "image_url": "https://books.toscrape.com/media/cache/d8/a4/d8a44eda7cbe7bd1207f868e9adc06f3.jpg",
    "rating": 3.0,
    "rating_formatted": "3.0/5",
    "parsed_date": "2025-09-28 09:53:46"
  },
  {
    "id": 65,
    "title": "Still Life with Bread Crumbs",
    "author": "Unknown Author",
    "price": 26.41,
    "price_formatted": "£26.41",
    "category": "fiction",
    "book_url": "https://books.toscrape.com/catalogue/still-life-with-bread-crumbs_738/index.html",
    "image_url": "https://books.toscrape.com/media/cache/8e/c7/8ec7f310b74ddd7ec3c859e9b0da7389.jpg",
    "rating": 3.0,
    "rating_formatted": "3.0/5",
    "parsed_date": "2025-09-28 09:53:47"
  },
  {
    "id": 66,
    "title": "Shtum",
    "author": "Unknown Author",
    "price": 55.84,
    "price_formatted": "£55.84",
    "category": "fiction",
    "book_url": "https://books.toscrape.com/catalogue/shtum_733/index.html",
    "image_url": "https://books.toscrape.com/media/cache/03/16/0316bb6f4785ac69c0643109201bad5d.jpg",
    "rating": 4.0,
    "rating_formatted": "4.0/5",
    "parsed_date": "2025-09-28 09:53:47"
  },
  {
    "id": 67,
    "title": "My Name Is Lucy Barton",
    "author": "Unknown Author",
    "price": 41.56,
    "price_formatted": "£41.56",
    "category": "fiction",
    "book_url": "https://books.toscrape.com/catalogue/my-name-is-lucy-barton_720/index.html",
    "image_url": "https://books.toscrape.com/media/cache/ca/b1/cab150e556b5fab663a9fec00ed97943.jpg",
    "rating": 1.0,
    "rating_formatted": "1.0/5",
    "parsed_date": "2025-09-28 09:53:48"
  },
  {
    "id": 68,
    "title": "My Mrs. Brown",
    "author": "Unknown Author",
    "price": 24.48,
    "price_formatted": "£24.48",
    "category": "fiction",
    "book_url": "https://books.toscrape.com/catalogue/my-mrs-brown_719/index.html",
    "image_url": "https://books.toscrape.com/media/cache/e0/79/e07906c1e507055da9a2260a74f58273.jpg",
    "rating": 3.0,
    "rating_formatted": "3.0/5",
    "parsed_date": "2025-09-28 09:53:49"
  },
  {
    "id": 69,
    "title": "Mr. Mercedes (Bill Hodges Trilogy #1)",
    "author": "Unknown Author",
    "price": 28.9,
    "price_formatted": "£28.90",
    "category": "fiction",
    "book_url": "https://books.toscrape.com/catalogue/mr-mercedes-bill-hodges-trilogy-1_717/index.html",
    "image_url": "https://books.toscrape.com/media/cache/a7/f0/a7f092a7b79f848df0226f808fed489b.jpg",
    "rating": 1.0,
    "rating_formatted": "1.0/5",
    "parsed_date": "2025-09-28 09:53:50"
  },
  {
    "id": 70,
    "title": "I Am Pilgrim (Pilgrim #1)",
    "author": "Unknown Author",
    "price": 10.6,
    "price_formatted": "£10.60",
    "category": "fiction",
    "book_url": "https://books.toscrape.com/catalogue/i-am-pilgrim-pilgrim-1_703/index.html",
    "image_url": "https://books.toscrape.com/media/cache/ed/07/ed07c9e7c53d4f33a6eb7d41eb0e6d4a.jpg",
    "rating": 4.0,
    "rating_formatted": "4.0/5",
    "parsed_date": "2025-09-28 09:53:51"
  },
  {
    "id": 71,
    "title": "Eligible (The Austen Project #4)",
    "author": "Unknown Author",
    "price": 27.09,
    "price_formatted": "£27.09",
    "category": "fiction",
    "book_url": "https://books.toscrape.com/catalogue/eligible-the-austen-project-4_692/index.html",
    "image_url": "https://books.toscrape.com/media/cache/26/3b/263bf5d128bf18553ea8da8bb19e9a0c.jpg",
    "rating": 3.0,
    "rating_formatted": "3.0/5",
    "parsed_date": "2025-09-28 09:53:53"
  }
]